fieldID,fieldName,fieldType,defaultValue,fieldDescription,minValue,maxValue
clockHeader,Clock Header,Header,Incursion Clock,"When and how fast the Threat spreads. The incursion begins only after the vanilla abyss story flags fire (finding the Onslaught Mk.I or encountering the Threat).",,
threatinc_enabled,Incursion Enabled,Boolean,true,"Master switch. Turning this off freezes the incursion entirely (existing colonies remain).",,
threatinc_startAtGameStart,Start at Game Start,Boolean,false,"The swarm was always coming: skip all triggers and begin the incursion immediately in a new game (takes effect on existing saves too). The story triggers below are ignored while this is on.",,
threatinc_colonySizeTrigger,Colony Size Trigger,Boolean,true,"Alternate start trigger: a player colony reaching the size below wakes the swarm even without touching the abyss questline - whichever comes first. A maxed colony is exactly the concentration of technology the Threat exists to destroy.",,
threatinc_triggerColonySize,Trigger Colony Size,Int,6,"Player colony size that wakes the swarm (6 = vanilla max via natural growth).",4,10
threatinc_tickDays,Days per Tick,Double,30,"How often the incursion clock advances. Higher = slower everything.",5,120
threatinc_initialSeeds,Initial Seed Systems,Int,1,"The incursion begins from one resource-complete OG home system (its full mining/refining/forge chain is founded at once from the Abyss). Values above 1 add that many extra single-colony fringe footholds beyond the OG.",1,6
threatinc_seedToColonyDays,Seed to Colony Days,Double,120,"Days a seeded system incubates before a Seeding Swarm is dispatched to found a fabrication colony there.",30,720
threatinc_maxInfestedSystems,Max Infested Systems,Int,12,Hard cap on simultaneously infested systems.,1,40
threatinc_spreadMinSize,Wave Source Min Size,Int,3,"Minimum colony size before it can dispatch colonization waves.",1,8
colonyHeader,Colony Header,Header,Fabrication Colonies,"The swarm founds real colonies that grow from size 1 and run a genuinely self-contained hive economy: their mining worlds feed refineries feed forge worlds that build the ships. Shortages of metals or machinery stall growth; hull shortages shrink garrisons and strikes. Cut supply lines and destroy link colonies to starve the network.",,
threatinc_colonyGrowthBaseDays,Growth Base Days,Double,60,"Days per size level, multiplied by current size (a size-5 colony takes 300 days to reach 6). Growth is paced by colony health: shortages slow it sharply, and a colony in outright decline loses population instead.",15,360
threatinc_colonyMaxSize,Max Colony Size,Int,8,"Size cap for Threat colonies.",3,10
threatinc_chainRedundancy,Chain Redundancy,Int,3,"Spare copies of each production link (refinery, forge, fuel plant) the hive builds as it spreads - one per infested system it holds, up to this many. Under vanilla's economy one producer feeds every hive world that can reach it, so spares add nothing until the original is lost; they exist so that cutting the hive's supply of anything means cutting several worlds. 1 = a single point of failure for each.",1,5
threatinc_colonizationEscort,Seeding Swarm Escort,Int,2,"Escort strength of colonization fleets: 0 = none, 1 = light, 2 = medium, 3 = heavy.",0,3
threatinc_garrisonRespawnDays,Garrison Respawn Days,Double,40,"Days between replacement Defense Swarms fabricating at a colony. This is the hive's whole military tempo: expeditions are mustered FROM the garrison, so this paces strikes and colonization waves too. Killing swarms delays everything until the nexus regrows them - one fleet at a time.",10,240
threatinc_reinforceEnabled,Colonies Reinforce Each Other,Boolean,true,"Colonies cover each other: a worn-down colony's garrison is topped up by Defense Swarms sent from the best-covered colony that can reach it - same system first, then any system within the donor's fuel range - until garrisons balance out. The swarms physically fly there and can be intercepted en route. A donor must be able to regrow what it sends (Fabrication Core and Swarm Nexus both up) and always keeps one swarm home. To strip a colony bare you must outpace every colony that can reach it, or cut the fuel range that connects them.",,
threatinc_reinforceMaxPerPoll,Reinforcements Per Poll,Int,2,"How many Defense Swarms the hive may dispatch as reinforcements per colony poll (about half a day). Higher means help arrives in bigger, faster bursts; 1 is a slow trickle.",1,10
threatinc_garrisonUnderStrengthFraction,Swarm Under-Strength Fraction,Double,0.5,"A garrison slot is a promise of a certain weight of defense. A Defense Swarm shot below this fraction of the fleet points it was fabricated with - or one of a lower tier than the slot wants, such as a small colony's swarm sent to reinforce a big one - is a weak holder: it keeps fighting, but no longer blocks the Swarm Nexus, which grows a proper replacement at its normal respawn cadence and recycles the weak swarm. Lower = damaged swarms hold their slot longer; higher = the hive replaces battle damage sooner.",0.1,0.95
threatinc_economyGatesGrowth,Economy Gates Growth,Boolean,true,"If on, colony growth is paced by economic health: shortages of core production inputs (ore, metals, volatiles, rare ore/metals) slow and then stop growth until the hive economy recovers. Structure disruption and severe shortages can push a colony into outright decline regardless of this setting.",,
threatinc_homeRelics,Home Hive Relics,Boolean,true,"The first hive system carries Domain-era items, as a swarm out of the Abyss would: a Pristine Nanoforge on its largest forge, and a Mantle Bore, Plasma Dynamo, Catalytic Core or Synchrotron wherever its own deposits leave a production link short. Vanilla's chain only balances at size 8 with these - a plain forge makes 6 hulls against a Swarm Nexus wanting 8, a Pristine one makes 9. Every later colony draws on the home hive, so the items lift the whole swarm, and they are the loot for taking it. Applies to existing saves on the next tick.",,
threatinc_forgeNanoforgeChance,Corrupted Nanoforge Chance,Double,0.2,"Chance that any forge outside the home system's Pristine one carries a Corrupted Nanoforge (plus 1 hull, plus 20 percent quality). A fixed roll per world, so the answer never changes from month to month and a rebuilt forge keeps its luck. 0 disables.",0,1
threatinc_coreDistanceOffset,Ignore Core Distance,Double,1.0,"The hive is a closed economy that never trades with the Core worlds, so vanilla's distance-from-Core accessibility penalty models a supply line it doesn't have. This cancels that penalty for hive colonies: 1 removes it fully, 0 leaves vanilla behavior (fringe seeds far from the Core then import almost nothing and stall). Distance from the rest of the hive does not move accessibility either way - vanilla's same-faction proximity term is only ever a bonus.",0,1
threatinc_disruptedPortShipping,Disrupted Port Shipping,Int,3,"Shipping units (in and out) a hive world keeps while its Megaport or Spaceport is disrupted. Vanilla keeps a disrupted port counted as present and same-faction shipping never falls below 5 units, so on its own a disrupted hive port changes nothing. At the default 3 a mature world's factories run on a trickle - a size-8 forge gets 3 of the 8 metals it wants - growth stalls, fuel reach shrinks, and its own output reaches the rest of the hive only as that trickle. Kept above zero on purpose: with the Fabrication Core also down, machinery is imported, and zero shipping made a port cut deadlier than a Core cut. 0 = nothing docks at all; -1 = leave vanilla behavior.",-1,5
threatinc_convertDecivWorlds,Convert Dead Worlds,Boolean,true,"If on, worlds decivilized by Threat bombardment become colonization targets - the swarm moves into the graveyards it creates, even inside inhabited systems.",,
threatinc_missionsEnabled,Defense Contracts,Boolean,true,"From phase 3, the colonial defense boards offer missions against specific hive infrastructure (rare mining, fuel, refining, swarm nexus) - ordinary contracts that arrive over the comm network and must be accepted before they expire, each explaining what cutting that link does to the swarm. Several offers stand at once, ranked by network impact against difficulty, and the weakest is withdrawn when a more valuable target comes online. Accept one and the completion clock starts. Disruption pays half, decivilization pays full; failing or abandoning costs reputation with the sponsoring faction.",,
threatinc_missionBaseReward,Contract Base Reward,Double,150000,"Payout per target colony size (a size-6 hive world pays 6x this for destruction, half for disruption).",25000,1000000
threatinc_missionPostingDays,Offer Window (Days),Double,90,"How long an offer stays posted before it is withdrawn unaccepted. Real days - deliberately NOT compressed by the debug fast clock.",14,730
threatinc_missionDurationDays,Completion Time (Days),Double,120,"Days you have to complete a contract once you accept it. Real days - deliberately NOT compressed by the debug fast clock, since this is your window to act. Missing the deadline is a mission failure and costs reputation with the sponsor.",30,730
threatinc_maxPostedMissions,Offers on the Board,Int,3,"How many contracts the defense boards keep offered at once. Accepted contracts do not count - take all three and the board refills. Offers on a lever already open are discounted when picking the next, so the list spreads across rare mining, fuel, refining and nexus rather than stacking on one.",1,6
threatinc_missionSupersedeMargin,Supersede Margin,Double,1.35,"How much better a new objective must score than the weakest offered one before it displaces it - 1.35 means it must score a third higher again. Lower values make the board churn more aggressively; 1.0 means any improvement triggers a swap. Accepted contracts are never displaced. Note LunaLib renders these descriptions through a text formatter, so avoid literal percent signs here.",1,3
threatinc_missionMinStandDays,Minimum Offer Stand (Days),Double,60,"Days a newly posted offer is guaranteed before it can be withdrawn for a better one - your window to decide. Offers are also never withdrawn while you are in the target's system.",0,365
threatinc_missionProximityBonus,Immediate Threat Bonus,Double,0.35,"How far a target's score is raised for sitting inside a faction navy's operating radius (a Patrol HQ, Military Base or High Command within Response Range). A hive world that has crept into defended space is the sector's immediate problem, and is cheaper to kill besides - task forces grind its garrison and a purge expedition may finish it, which still completes your contract in full. 0 ignores faction proximity entirely.",0,1
threatinc_missionStrategicRewardMult,Strategic Reward Multiplier,Double,1.5,"Reward premium on the strategic (expensive) tier over the immediate (cheap) tier. The strategic board names the decisive target regardless of what taking it costs, so it pays more for the same colony size.",1,4
phaseHeader,Phase Header,Header,Phases,"Phases are capability, not calendar. Phase 1: fringe expansion (no attacks). Phase 2: begins when some colony can actually stage a strike (strike-sized, forged, fueled). Phase 3: core worlds in reach once some colony can field a full-budget armada (size 6+ with a near-nominal hull economy). Burn forges, cut fuel, or shrink colonies and the phase genuinely regresses.",,
threatinc_phase3Enabled,Core Worlds Attackable,Boolean,true,"If on, phase 3 eventually puts the core worlds (size 6+ colonies) in reach.",,
strikeHeader,Strike Header,Header,Strikes,"Large Threat colonies launch incursion fleets at inhabited worlds - real fleets you can intercept and fight alongside the defenders. Worlds they decivilize may be converted into new hive colonies.",,
threatinc_maxConcurrentStrikes,Max Concurrent Strikes,Int,0,"Sector-wide cap on simultaneous Threat strikes. 0 = unlimited: every hive system with the means keeps a strike in flight.",0,30
threatinc_strikeLYPerFuel,Reach per Fuel (LY),Double,4.0,"Light-years of reach per unit of fuel an expedition carries - one rule for everyone. Reach = this x the smaller of fuel available at the launching colony and the fuel its fleets can carry (the tier settings below times vanilla's fleet-size figure for the colony). Hive strikes and seeding waves range from their staging colony by it; faction task forces and siege expeditions, and your own commissioned expeditions, range from their military world by it. A colony with no fuel sends nothing.",1,20
threatinc_reachFuelCarry,Reach Fuel Carried,Double,4,"Fuel units an expedition carries at a fleet-size figure of 100 percent. Faction and player worlds use vanilla's own fleet-size figure untouched - colony size, doctrine, hull shortage, stability, alpha core, skills, the Fleets percentage on the colony screen - so a 300 percent world carries 12 and is bound by fuel instead. Hive worlds use hive vitality x size / 4: a healthy size-4 hive lifts a full load (20 light-years at the defaults), size 8 twice that, a size-2 foothold half, and a besieged world less as its vitality falls. All the fuel in the sector is no use to a colony that only fields small fleets.",1,20
threatinc_strikeMinSize,Strike Min Colony Size,Int,4,"Minimum colony size before it launches strikes (replaces the old 'saturated' stage).",2,8
threatinc_strikeStrengthMult,Strike Strength Multiplier,Double,1.0,"Scales how heavily each mustered Defense Swarm is re-embodied as an expedition fleet. Strikes are drawn from the colony's REAL garrison (everything above its defensive reserve, only at full strength), so their size is fundamentally set by the garrison the colony fields - this multiplier just up- or down-tiers the fleets.",0.5,10
threatinc_playerGraceDays,Player Grace Days,Double,120,"Minimum days between strikes that target YOUR colonies specifically. NPC worlds get no such mercy.",0,720
threatinc_strikeRecallEnabled,Forge Strike Recall,Boolean,true,"If on, an incursion still PREPARING at its staging colony is stillborn when that colony's forge is broken: raid the forge into disruption, bombard the colony, or destroy it before the fleets depart. Once an expedition departs it is autonomous and cannot be recalled.",,
threatinc_destroyStoryCritical,Destroy Story-Critical Worlds,Boolean,true,"If on, Threat strikes may target story-critical worlds and decivilize them outright (the engine normally refuses the killing blow). WARNING: erasing quest worlds can permanently break unfinished vanilla storylines. If off, strikes never target story-critical worlds at all.",,
threatinc_groundDefenseMult,Hive Ground Defense Scale,Double,1.0,"Overall scale on hive ground-defense strength. This is the input to raid effectiveness AND the base of the bombardment fuel bill, so it scales both how costly marines are and how costly fuel is. Hive defenses keep firing at half effect while disrupted, so repeat passes are never near-free.",0.25,4
siegeHeader,Siege Header,Header,Hive Sieges,"Every hive lives deep underground behind ground defenses anchored to colony size (400 points per size by default, immune to unrest, multiplied by the defense industries - a mature hive's true figure runs into the thousands). Bombardment can NEVER reduce a hive's population: saturation costs the full defense figure for days of disruption, tactical costs a fraction and suppresses the war-strata longer, marines cut deepest. The only way a hive dies is decline - its population falling to size 1 under sustained disruption or shortages.",,
threatinc_hiveDefensePerSize,Hive Defense per Size,Double,400,"Flat ground-defense points per colony size, before industry multipliers (a size-4 hive fields a 1600-point base, size-8 fields 3200; ground defenses, heavy batteries and the nexus multiply it further). This is the number bombardment fuel costs are priced from, and it drives marine raid effectiveness and casualties. Hive defenses ignore unrest - the machines do not riot.",100,2000
threatinc_groundDefensesBonus,Ground Defenses Bonus,Double,1.0,"Defense multiplier bonus from the hive Ground Defenses structure: mult = 1 + bonus (x2 at the default 1.0). Scaled down by machinery/metals shortages.",0.25,4
threatinc_heavyBatteriesBonus,Heavy Batteries Bonus,Double,2.0,"Defense multiplier bonus from hive Heavy Batteries: mult = 1 + bonus (x3 at the default 2.0). Scaled down by machinery/metals shortages.",0.5,6
threatinc_nexusDefenseBonus,Nexus Defense Bonus,Double,0.5,"Defense multiplier bonus from the Swarm Nexus: mult = 1 + bonus (x1.5 at the default 0.5).",0,2
threatinc_disruptedDefenseFraction,Disrupted Defense Fraction,Double,0.5,"Fraction of a defense structure's bonus that keeps working the moment it is disrupted - machines do not rout. From there it wears down (see Defense Wear Days). At 0 disrupted structures contribute nothing at once (vanilla behavior, makes repeat bombardments cheap); at 1 a fresh disruption does not weaken defenses at all.",0,1
threatinc_defenseWearDays,Disruption Wear Days,Double,300,"Disruption days on a structure's clock at which it has worn to nothing: a defense structure's surviving bonus, and a disrupted Core's or Nexus's fabrication factor, both fall in a straight line from their fresh-disruption value to zero at this many days. Disruption stacks with every tactical pass and every successful raid, so an organ carrying 300 days has been hit again and again - and by then it is scrap. At the defaults one tactical pass (60 days) leaves 40 percent of a battery's bonus firing, two raids on top about 25 percent; a Core carrying 150 days fabricates at half its Core-Down factor. The size-anchored base defense never wears, so bombardment gets cheaper as a siege grinds on but never free. 0 disables wear.",0,1000
threatinc_hiveBombardCostMult,Sat Bombard Cost Scale,Double,1.0,"Scale on the saturation fuel bill. At 1.0 saturation costs exactly the colony's ground-defense strength.",0.5,10
threatinc_hiveTacCostFraction,Tac Bombard Cost Fraction,Double,0.25,"Tactical bombardment fuel cost as a fraction of the colony's ground-defense strength - concentrated fire on exposed military targets is far cheaper than saturating the world.",0.05,1
threatinc_hiveSatDisruptDays,Sat Bombard Disruption (Days),Double,20,"Days of disruption a saturation pass inflicts on a hive's industries (vanilla is 365 - the hive's deep strata reknit almost immediately).",5,120
threatinc_hiveTacDisruptDays,Tac Bombard Disruption (Days),Double,60,"Days of disruption a tactical pass inflicts on the hive's war-strata (ground defenses, batteries, nexus). Longer than saturation - concentrated fire on exposed military targets is the efficient way to suppress defenses.",10,180
threatinc_hiveMarineLossMult,Hive Marine Loss Mult,Double,1.5,"Multiplier on marine casualties when raiding hive worlds - the counter-swarms contest every corridor.",1,4
threatinc_siegeDefenseSoftenFloor,Siege Soften Floor,Double,0.25,"NPC purge doctrine: an AI siege expedition keeps delivering tactical bombardments - whose disruption now stacks, wearing the war-strata further with each pass - while any defense structure's surviving effect is still above this fraction. Once bombed below it, the expedition lands troops instead. At 0.5 the expedition makes a single softening pass then raids (the old behavior); lower values buy more bombardment passes before the ground assault; 0 grinds the war-strata to nothing first.",0,1
frontHeader,Front Header,Header,Ground Fronts,"A persistent army: land marines and heavy armaments on a hive world (Ground operations, on the military options menu) and they stay, fighting after you break orbit. The front burns heavy armaments as upkeep - the stockpile is its supply countdown - and marines attrit at flat daily rates, faster once the armaments run dry. Strong enough (against the world's current, worn defense figure) it HOLDS - suppressing the hive's organs and able to push the stratum campaign below; weaker it GRINDS only the outer defenses until they wear down; weaker still it is a mere foothold. Resupply and withdraw by docking; live Defense Swarms in orbit block that, so the hive's reinforcement network is the counter-siege.",,
threatinc_frontsEnabled,Ground Fronts Enabled,Boolean,true,"Master switch for the ground-front mechanic. Existing fronts keep ticking if turned off mid-siege; the deploy option is hidden.",,
threatinc_frontHoldFraction,Hold Threshold,Double,0.25,"Effective strength (marines times entrenchment) as a fraction of the colony's current ground-defense figure needed to HOLD - suppressing the Fabrication Core, Swarm Nexus, port and both defense structures. 0.25 mirrors vanilla's own raid-disruption threshold. The defense figure is the worn, current one, so softening the world first (tactical passes, raids) lowers the bar, and a holding front keeps lowering it.",0.05,1
threatinc_frontGrindFraction,Grind Threshold,Double,0.10,"Fraction of the defense figure needed to GRIND: too weak to reach the deep organs, the front harasses the Ground Defenses and Heavy Batteries at the reduced rate below. As they wear, the hold requirement falls and the front upgrades itself - the path from an early landing to a full siege.",0.02,0.5
threatinc_frontSuppressDaysPerDay,Suppression per Day,Double,2.0,"Days added to each suppressed structure's disruption clock per day held. The clock counts down one day per day naturally, so 2.0 nets +1 day of accumulated wear per day - and the clock is the same wear mechanic raids and bombardments feed (see Disruption Wear Days).",1,6
threatinc_frontGrindSuppressMult,Grind Rate Multiplier,Double,0.5,"Suppression-rate multiplier while only grinding the defense structures.",0.1,1
threatinc_frontMarineLossPer30Days,Marine Attrition per 30 Days,Double,0.08,"Fraction of the front's current marines lost per 30 days while supplied - the hive contests the ground forever, so a siege is never free.",0.01,0.5
threatinc_frontUnsuppliedLossMult,Unsupplied Attrition Mult,Double,3.0,"Attrition multiplier once the front's heavy armaments run out.",1,10
threatinc_frontArmamentsPerSizePer30Days,Armaments Upkeep per Size,Double,10,"Heavy armaments the front consumes per colony size per 30 days (size 6 = 2 per day at the default). What the front has on hand is exactly how long it lasts unsupplied - legible and plannable.",1,50
threatinc_frontEntrenchDays,Entrenchment Days,Double,30,"Days of digging in to reach the full entrenchment multiplier below. Rewards sustained sieges over drive-by landings.",5,180
threatinc_frontEntrenchMaxMult,Entrenchment Max Multiplier,Double,1.5,"Effectiveness multiplier of a fully entrenched front (1.0 = entrenchment does nothing).",1,3
threatinc_frontMinMarines,Front Collapse Floor,Double,50,"Marines below which the front is overrun outright.",10,500
threatinc_frontDangerCloseEnabled,Danger-Close Tactical Strikes,Boolean,true,"If on, a tactical bombardment with your own front deployed costs it marines (fraction below) - and in exchange the ground forces mark targets, so the strike's disruption also lands on the Fabrication Core and port, not just the war-strata.",,
threatinc_frontDangerCloseLossFraction,Danger-Close Marine Loss,Double,0.05,"Fraction of the front's marines lost to each danger-close tactical pass.",0,0.5
threatinc_falloutDays,Saturation Fallout (Days),Double,40,"Days after a saturation bombardment during which ground forces cannot land - the surface is a radiological ruin. Keep this at or above the saturation disruption duration, or sat bombing becomes the best siege opener instead of a tradeoff (its role is silencing a world, at the price of ground tempo).",0,180
campaignHeader,Campaign Header,Header,The Stratum Campaign,"A size-S hive is S strata deep with the Fabrication Core at the center - and ERADICATION IS A GROUND VICTORY, the only way a hive dies. A front strong enough to hold can be ordered to push: each stratum taken strips its share of the base defenses and of the hive's output, and taking the last one destroys the Core and the colony. After each stratum the front consolidates at a checkpoint, requests reinforcement, and - given no orders within the window - pushes on by doctrine; you can instead order it to entrench and stand fast, or pull it out (which requires controlling the space over the planet). The hive counter-attacks on a cadence paced by its health: starving its economy is what makes those counter-attacks rare and feeble. NPC expeditions land their own fronts and run the same campaign.",,
threatinc_frontPushBaseDays,Push Days per Stratum,Double,20,"Base days one stratum push takes at even strength; scaled by the defense-to-strength ratio (clamped 0.5x to 3x), so an overwhelming front advances in days and a marginal one crawls. As strata fall and strip base defense, later pushes genuinely get faster.",5,90
threatinc_frontPushLossPer30Days,Push Attrition per 30 Days,Double,0.30,"Fraction of the front's marines lost per 30 days while assaulting (replaces the entrenched attrition rate for the duration). Pushing is how you win and how you bleed.",0.05,0.8
threatinc_frontPushUpkeepMult,Push Armaments Multiplier,Double,2.0,"Heavy-armaments burn multiplier while assaulting - offensives eat materiel.",1,6
threatinc_frontDryEffectivenessMult,Dry Effectiveness Multiplier,Double,0.5,"Effectiveness multiplier of a front whose heavy armaments have run out - marines without materiel fight at this fraction of their strength, on top of the raised attrition. Resupply before pushing.",0.1,1
threatinc_frontEntrenchDefenseBonus,Entrenched Defense Bonus,Double,1.5,"Defense multiplier of a dug-in (non-pushing) front against hive counter-attacks. A front caught mid-assault defends without it.",1,4
threatinc_frontCheckpointDays,Checkpoint Orders Window,Double,10,"Days a front consolidates after taking a stratum, requesting reinforcement and awaiting orders. Told nothing, it pushes on by doctrine; order it to entrench to stop the advance.",2,60
threatinc_frontCounterAttackDays,Counter-Attack Cadence,Double,40,"Base days between hive counter-attacks against a front, DIVIDED by the colony's health - a starved colony at 25 percent health attacks four times more rarely. A counter-attack that beats the front's (entrenchment-boosted) strength retakes a held stratum and costs marines; one that doubles a stratum-less beachhead destroys it.",10,180
threatinc_frontCounterAttackLossFraction,Counter-Attack Marine Loss,Double,0.10,"Fraction of the front's marines lost to a counter-attack it fails to repel.",0,0.5
threatinc_npcFrontSupplyDays,NPC Landing Supply (Days),Double,120,"Days of heavy-armaments supply an NPC expedition's ground landing carries. When it runs dry the front withers; the next expedition lands a fresh one.",30,360
strategyHeader,Strategy Header,Header,War Mode and Reserves,"NPC factions behave exactly as vanilla until the Threat strikes one of their colonies - that strike puts the faction in WAR MODE. A mobilised faction's colonies accrue visible reserves of marines, heavy armaments, fuel and supplies, each from the colony's own production of the matching commodity, and every expedition draws its landing force and provisions from the colony it sails from - troops that ride the fleets as real cargo. Colonies ship stock to those staging bases by convoy: real fleets, interceptable, lootable. Your own faction mobilises the same way when the swarm first strikes a world of yours.",,
threatinc_strategyEnabled,Strategy Layer Enabled,Boolean,true,"Master switch for war mode, per-colony reserves, convoys and fleet orders. Off, expeditions raise abstract troops as before.",,
threatinc_warModeStandDownDays,War Mode Stand-Down (Days),Double,0,"Days after its last strike a mobilised faction stands down - only if no live hive remains in expedition range of its military worlds. Reserves are kept, frozen. 0 = mobilised for good.",0,720
threatinc_reserveMarinesPerUnit,Marines per Production Unit,Double,50,"Reserve marines a colony accrues per unit of its vanilla marine production (Patrol HQ, Military Base, High Command) per 30 days. A size-6 Military Base makes about 6 units.",5,300
threatinc_reserveArmamentsPerUnit,Armaments per Production Unit,Double,40,"Reserve heavy armaments per unit of the colony's hand-weapon production (Heavy Industry, Orbital Works) per 30 days.",5,300
threatinc_reserveFuelPerUnit,Fuel per Production Unit,Double,300,"Reserve fuel per unit of the colony's fuel production per 30 days.",20,2000
threatinc_reserveSuppliesPerUnit,Supplies per Production Unit,Double,300,"Reserve supplies per unit of the colony's supply production per 30 days.",20,2000
threatinc_reserveCapMonths,Reserve Cap (Months),Double,6,"A colony stockpiles at most this many months of its own production of each commodity.",1,24
threatinc_reserveInitialMonths,Mobilisation Stock (Months),Double,3,"Months of its own production each colony holds the moment its faction mobilises - the peacetime depots the first sortie draws from. 0 starts every reserve empty.",0,12
threatinc_reserveFloorFraction,Reserve Floor,Double,0.25,"Expeditions and sorties never draw a colony below this fraction of its cap - the home garrison's stock. Keeps a small faction from emptying its depots on one sortie and going quiet.",0,0.9
threatinc_reserveBaselinePerSize,Militia Marines per Size,Double,5,"Marines every colony raises per size per 30 days regardless of industry, so no colony sits permanently at zero.",0,50
threatinc_groundStrengthExponent,Ground Strength Exponent,Double,1.0,"Exponent on every ground-war strength ratio - push pace, push attrition, counter-attack losses and overruns. 1 is linear and legible; 2 is Lanchester's square law, where concentrating twice the marines pays four times over. Dialog quotes stay exact at any value.",0.5,3
threatinc_expeditionMinMarinesFraction,Expedition Marine Floor,Double,0.5,"An expedition waits - and its base keeps calling convoys - unless the base holds this fraction of the marines the landing needs. 0 sails with whatever is there.",0,1
threatinc_expeditionFuelPerPointLY,Expedition Fuel per Point-LY,Double,10,"Fuel an expedition or task force draws from its base per fleet point per light-year of distance. A cost, not a gate.",0,100
threatinc_expeditionSuppliesPerPoint,Expedition Supplies per Point,Double,100,"Supplies an expedition or task force draws from its base per fleet point. A cost, not a gate.",0,1000
threatinc_expeditionTransportMult,Expedition Transport Share,Double,0.3,"Troop-transport share of a cargo-carrying expedition fleet (vanilla composition multiplier). Too low and the marines drawn will not all fit - the remainder stays home.",0.05,1
threatinc_convoyEnabled,Convoys Enabled,Boolean,true,"Whether mobilised factions ship reserves between their colonies by convoy. Off, each staging base fights with what it makes itself.",,
threatinc_convoyRangeLY,Convoy Range (LY),Double,15,"Light-years a donor colony will ship to a staging base.",3,50
threatinc_convoyMarineCapacity,Convoy Marine Capacity,Double,2000,"Marines one convoy carries at most (transports are sized to the load). Fewer, larger convoys lose a smaller share per attack - keep this high.",50,10000
threatinc_convoyCargoCapacity,Convoy Cargo Capacity,Double,6000,"Units of armaments, fuel and supplies one convoy carries at most.",100,40000
threatinc_convoyEscortFP,Convoy Escort Base (FP),Double,30,"Combat fleet points every convoy sails with, before the cargo-value escort below.",0,300
threatinc_convoyEscortPerThousand,Convoy Escort per Cargo Value,Double,20,"Extra escort fleet points per 1,000 of cargo value (marines count 1 each, armaments 0.5, fuel and supplies 0.1). A rich convoy is a real fleet.",0,200
threatinc_convoyMinLoadFraction,Convoy Minimum Load,Double,0.5,"A base's shortfall, as a fraction of one convoy load, below which no convoy sails.",0,1
threatinc_convoyMaxPerTick,Convoys per Tick,Int,2,"Convoys one faction dispatches per 30-day tick at most, its neediest bases first. Fewer, larger convoys are safer than many small ones.",1,10
threatinc_frontRunsEnabled,Front Supply Runs Enabled,Boolean,true,"Mobilised factions run supply convoys to their ground fronts (marines and heavy armaments from the nearest base's reserve) and withdrawal convoys for fronts that call for a pickup. Runs wait at the hive system's jump-point while Defense Swarms hold the orbit - a garrisoned hive strangles the front.",,
threatinc_frontResupplyDays,Front Resupply (Days),Double,60,"Days of heavy-armaments upkeep a supply run tops a front up to.",10,240
threatinc_frontReinforceFraction,Front Reinforce Fraction,Double,0.8,"A supply run reinforces a front back toward this fraction of its peak marine strength.",0,1.5
threatinc_frontRunWaitDays,Front Run Wait (Days),Double,30,"Days a supply or withdrawal run waits at the jump-point for the orbit to clear before turning for home with its cargo.",5,120
threatinc_raiderEnabled,Hive Raiders Enabled,Boolean,true,"Hive colonies near a convoy's route may detach one Defense Swarm to hunt it - the swarm's own commerce raiding, paid for with a thinner garrison while it is out.",,
threatinc_raiderRangeLY,Raider Range (LY),Double,12,"Light-years from a convoy route's midpoint within which a hive colony may send a raider.",2,40
threatinc_raiderChance,Raider Chance,Double,0.5,"Chance each eligible hive colony (Defense Swarms above its reserve) detaches a raider at a passing convoy; the nearest rolls first and one raider is enough.",0,1
threatinc_raiderDays,Raider Hunt (Days),Double,45,"Days a raider hunts its convoy before turning for home.",10,180
threatinc_donorKeepFraction,Donor Keep Fraction,Double,0.5,"Fraction of its own cap a donor colony keeps back for itself.",0,1
threatinc_stagingTargetMult,Staging Target (Expeditions),Double,1.5,"A staging base stocks this many expeditions' worth of each reserve.",0.5,5
threatinc_convoyTimeoutDays,Convoy Timeout (Days),Double,200,"Days after which a convoy that has not arrived is written off with its cargo.",30,1000
ordersHeader,Orders Header,Header,Fleet Orders,"The war board's faction view lets you command a mobilised navy from anywhere: guard a colony's orbit, stage materiel to it by convoy, hold a hive system's jump-point, send a siege expedition, recall a fleet. Your own faction takes orders once mobilised; an ally does once your standing with it is high enough. Every sortie is built at the nearest base and paid from that base's reserve.",,
threatinc_ordersEnabled,Fleet Orders Enabled,Boolean,true,"Whether the faction view offers Guard, Stage, Intercept, Siege and Recall buttons.",,
threatinc_orderMinRelation,Order Minimum Standing,Double,0.5,"Relationship with an allied mobilised faction (from -1 to 1; 0.5 is cooperative) at which its navy takes your orders.",0,1
threatinc_guardFleetFP,Guard Task Force (FP),Double,100,"Combat fleet points of a guard or intercept task force.",25,400
threatinc_guardDays,Guard Duration (Days),Double,90,"Days a guard task force holds a colony's orbit before returning to base.",15,365
threatinc_interceptDays,Intercept Duration (Days),Double,60,"Days an intercept task force holds a hive system's jump-point.",15,365
alarmHeader,Alarm Header,Header,Escalation - Grudge and Alarm,"The swarm answers who hurts it. Every faction earns grudge for strata taken, hives eradicated and raids or tactical passes landed; the sum is the hive's alarm. Both are shown on the war board and fade monthly. Alarm speeds up Swarm Nexus fabrication - the hive's whole military tempo - grudge points its strikes at that faction's worlds, and a ground victory draws an immediate retaliation strike at the winner. No hidden scaling: the numbers are on the board.",,
threatinc_alarmEnabled,Escalation Enabled,Boolean,true,"Master switch for grudge, alarm and retaliation.",,
threatinc_alarmPerStratum,Grudge per Stratum,Double,2,"Grudge points a faction earns for each stratum its ground front takes.",0,20
threatinc_alarmPerEradication,Grudge per Eradication,Double,10,"Grudge points for destroying a hive's Fabrication Core.",0,100
threatinc_alarmPerRaid,Grudge per Raid,Double,1,"Grudge points for a successful raid or tactical bombardment pass on a hive world.",0,10
threatinc_alarmDecayPer30,Grudge Decay per Month,Double,0.1,"Fraction of every grudge that fades per 30 days.",0,1
threatinc_alarmTempoMult,Alarm Fabrication Bonus,Double,0.05,"Swarm Nexus fabrication-speed bonus per point of alarm: at 0.05, alarm 10 means garrisons - and therefore strikes and expansion - come 1.5 times as fast.",0,0.5
threatinc_alarmTempoMax,Alarm Fabrication Cap,Double,3.0,"The most alarm can multiply fabrication speed by.",1,10
threatinc_alarmTargetMult,Grudge Targeting Weight,Double,0.2,"Strike-target weight bonus per point of a faction's grudge: at 0.2, grudge 10 makes that faction's worlds three times as likely to be struck.",0,2
threatinc_retaliationEnabled,Retaliation Strikes,Boolean,true,"A ground victory draws an immediate strike at the winning faction from the nearest hive that can muster one - a strike it could have launched anyway, aimed now.",,
coalitionHeader,Coalition Header,Header,Coalition,"A mobilised faction's siege calls its allies: every other mobilised faction with a base in reach may answer with a task force holding the hive's jump-point so the siege lands under cover. Your Rally button on a hive row does the same for every ally that takes your orders, plus a siege from the best-supplied of them.",,
threatinc_coalitionEnabled,Coalition Calls Enabled,Boolean,true,"Whether sieges post calls that allied mobilised factions answer.",,
threatinc_coalitionCallDays,Coalition Call (Days),Double,60,"Days a call stays open for allies to answer.",10,180
threatinc_coalitionSupportChance,Coalition Answer Chance,Double,0.5,"Chance per 30-day tick that an eligible ally answers an open call with an Intercept task force.",0,1
outpostHeader,Outpost Header,Header,Outposts,"A world the swarm held and lost is a world it will try to seed again. An outpost is a faction-styled orbital station over such a world - no market, no economy - that blocks re-seeding until it is destroyed. You pay credits; a mobilised faction pays supplies and fuel from its nearest base and fortifies purged worlds on its own.",,
threatinc_outpostsEnabled,Outposts Enabled,Boolean,true,"Whether outposts can be built on purged worlds, by you (Outpost button on the faction view) and by mobilised factions.",,
threatinc_outpostTier,Outpost Tier,Int,1,"1 orbital station, 2 battlestation, 3 star fortress - in the faction's own style.",1,3
threatinc_outpostCredits,Outpost Cost (Credits),Double,150000,"What you pay for an outpost.",0,2000000
threatinc_outpostSupplies,Outpost Cost (Supplies),Double,1500,"Supplies a mobilised faction's base pays for an outpost.",0,20000
threatinc_outpostFuel,Outpost Cost (Fuel),Double,800,"Fuel a mobilised faction's base pays for an outpost.",0,20000
threatinc_outpostChance,Outpost Build Chance,Double,0.3,"Chance per 30-day tick that a mobilised faction fortifies an open purged world within reach of a base that can pay.",0,1
threatinc_returnRefundMult,Return Refund,Double,0.5,"A recalled fleet (or one whose order ran out) comes home on a tracked leg: everything still aboard - marines, armaments, cargo - goes back into the base's reserve, and this fraction of the fuel and supplies it drew at launch is refunded, scaled by its surviving strength. A fleet lost on the way returns nothing.",0,1
vitalityHeader,Vitality Header,Header,Colony Vitality,"A hive colony's health is its input satisfaction times the functionality of its fabrication organs. Since the ground-war rework low health only ever WEAKENS: growth stalls, garrisons rebuild slowly, reach shrinks, and counter-attacks against ground forces come rarely and feebly - but no colony dies without a ground victory.",,
threatinc_coreDownFactor,Core-Down Health Factor,Double,0.25,"Colony health multiplier the moment the Fabrication Core is disrupted; it wears further with the disruption days on the Core's clock (see Disruption Wear Days), to zero fabrication at the wear limit. A dead Core cripples the colony's vitality - and with it every counter-attack its strata can mount.",0.05,0.5
threatinc_growthStallHealth,Growth Stall Health,Double,0.5,"Colony health at or below which growth stops entirely (without yet declining).",0.2,0.9
threatinc_growthFullHealth,Growth Full-Pace Health,Double,0.85,"Colony health at or above which the colony grows at its full configured pace; growth ramps linearly between the stall and full-pace thresholds.",0.5,1
responseHeader,Response Header,Header,Faction Reactive Defense,"When a Threat strike targets an NPC colony, its faction musters a task force against the attacking colony's garrison. Nearby navies also launch siege expeditions - tactical bombardments and commando raids that suppress a hive's organs and push it into decline, including (rarely, with extra escorts) full assaults on defended colonies. You can commission the same expedition from your own military colonies, priced by flotilla size and distance.",,
threatinc_responseEnabled,Factions Fight Back,Boolean,true,"If on, an NPC faction whose colony is struck sends a counter-task-force against the attacking colony's Defense Swarms (only if it has a military world within range).",,
threatinc_responseMaxConcurrent,Max Concurrent Responses,Int,0,"Sector-wide cap on simultaneous faction task forces / purge expeditions. 0 = unlimited.",0,30
threatinc_responseMinDifficulty,Min Task Force Strength,Int,4,"Smallest task force a responding faction sends (fleet difficulty 0-10 scale).",1,10
threatinc_responseMaxDifficulty,Max Task Force Strength,Int,10,Largest task force a responding faction sends.,1,10
threatinc_responseStrengthDivisor,Strength Scaling Divisor,Double,30,"Higher = weaker task forces for the same faction military strength. Task force difficulty = min + factionStrength / this.",1,20
threatinc_siegeRaidStrPerPoint,Siege Ground Strength per Point,Double,43,"Siege expeditions, NPC and commissioned alike, are sized to the target's defenses: an industry raid only lands when the ground force is at least a third of the defender strength, so fleets are added until the estimated ground strength clears that with headroom. NPC ground strength is a quarter of crew capacity, which tracks fleet size - one difficulty point of fleet lands about this much (measured: 22 points landed 947). Lower it if raids keep being repulsed, raise it if sieges arrive absurdly large.",10,100
threatinc_siegeMaxFleets,Siege Max Fleets,Int,10,"Cap on how many fleets a siege expedition grows to while sizing itself to the target's defenses. Sizing assumes the tactical pass has already suppressed the war-strata (about 60 percent of the intact figure): a size-8 hive behind Heavy Batteries then needs about 3,600 ground strength, which is 9 full-size fleets. When the cap still leaves the force short, the commission quote says so and NPC sieges settle for the tactical bombardment.",2,120
threatinc_responsePurgeEnabled,NPC Siege Expeditions,Boolean,true,"If on, NPC navies launch siege expeditions at Threat colonies: tactical bombardments and commando raids that suppress a hive's organs and push it into decline - they can genuinely wither and erase colonies without your help, though never by bombardment alone.",,
threatinc_purgeCooldownDays,Purge Cooldown Days,Double,240,"Minimum days between NPC purge expeditions against any one colony.",30,720
threatinc_purgePreemptMaxSize,Preemptive Purge Max Size,Int,3,"Hive colonies up to this size are besieged PREEMPTIVELY - navies in range suppress young footholds before they entrench, fighting through their Defense Swarms. Larger defended colonies can draw a full assault too (extra escorts, longer cooldown - see below). 0 disables preemptive sieges.",0,8
threatinc_purgeDefendedCooldownMult,Defended Assault Cooldown Mult,Double,2.0,"Cooldown multiplier for full NPC assaults on DEFENDED entrenched colonies (garrisoned, above the preemptive size). Higher = rarer; these expeditions sail with an extra escort fleet to fight through the Defense Swarms.",1,6
threatinc_purgeFollowUpDays,Siege Follow-Up Days,Double,75,"A WOUNDED colony (open decline meter, or Core/Nexus/port still disrupted) draws the next expedition on this short cooldown instead of the full purge interval - navies press an advantage, turning single visits into sustained campaigns. The decline meter also does not regrow while any key organ is disrupted.",30,240
threatinc_commissionEnabled,Player Commissioned Expeditions,Boolean,true,"If on, you can commission a purge expedition against an infested system from the intel screen, provided one of your colonies with a Patrol HQ, Military Base or High Command is within Response Range. The expedition uses your faction's doctrine and blueprints, runs the full siege playbook autonomously, and posts an after-action sitrep. You pay up front; no refunds.",,
threatinc_commissionCostPerPoint,Commission Cost per Fleet Point,Double,15000,"Credits per fleet-difficulty point of the commissioned flotilla (a heavy 4-fleet expedition is ~36 points). The flotilla is sized to the job - bigger and better-defended hive systems need, and cost, more.",2000,100000
threatinc_commissionCostPerLY,Commission Cost per Light-Year,Double,8000,"Credits per light-year between your commissioning colony and the target system.",0,50000
remnantHeader,Remnant Header,Header,The Remnant Immune System,"Systems defended by a live Remnant Nexus resist infestation - the swarm must win a war of machines first. Purging the Remnant yourself clears the Threat's path.",,
threatinc_remnantResists,Remnant Systems Resist,Boolean,true,"If on, the spread cannot claim a system with a live Remnant Nexus without first destroying it in a machine war.",,
threatinc_machineWarWinChance,Machine War Win Chance,Double,0.35,"Per-attempt chance the swarm destroys a defending Remnant Nexus. Failures are retried on later spread attempts.",0.0,1.0
relationsHeader,Relations Header,Header,Faction Relations,"The Threat is a machine menace at war with all life. These control how that reads on the relations screen and whether the sector treats exterminating the swarm as a war crime.",,
threatinc_permaHostile,Threat Perma-Hostile,Boolean,true,"If on, the Threat is pinned to vengeful with every faction (including you), so it reads as openly hostile rather than 'not currently hostile'. If off, it keeps the vanilla neutral default until fleets are forced hostile ad hoc.",,
threatinc_bombardNoAtrocity,No Atrocity For Bombing Threat,Boolean,true,"If on, saturation-bombarding a Threat colony carries no reputation penalty with civilized factions - exterminating the swarm is not treated as a war crime. If off, vanilla atrocity penalties apply.",,
debugHeader,Debug Header,Header,Debug & Testing,Tools for testing. Effects apply on the next incursion clock check (about half a day of game time).,,
threatinc_debugMode,Debug Mode,Boolean,false,"Playtesting mode: narrator messages for every swarm event, map markers for ALL infested systems (no discovery needed), per-colony economic vitals in the intel, and a purge button to delete a hive system and watch the network react.",,
threatinc_debugLogging,Verbose Logging,Boolean,false,"Logs spread/colony/strike/economy events to starsector.log (prefix [ThreatInc]).",,
threatinc_debugForceStart,Force Start,Boolean,false,"Starts the incursion immediately, skipping the story-flag trigger. Turn off again afterward.",,
threatinc_debugFastClock,Fast Clock,Boolean,false,"Runs the entire incursion 10x faster for testing: tick cadence, stage durations, growth, garrison respawns, strike intervals, and phase delays.",,
threatinc_debugGrantSensorMods,Grant Threat Sensor Mods,Boolean,false,"Grants the Onslaught Mk.I sensor modifications (10x detection range vs Threat fleets) that a normal playthrough earns from the abyss quest. Note: the incursion start now grants these automatically, so this is only needed for pre-start scouting.",,
threatinc_debugReset,RESET Incursion,Boolean,false,"DANGER: wipes the entire incursion from this save - every Threat colony reverts to an untouched planet, all Threat fleets despawn, all progress clears. The incursion then restarts from scratch via the normal start triggers. Fires once when toggled on; turn it back off afterward. In-flight strike fleets already dispatched are not recalled and will fight to the end.",,
