id,trigger,conditions,script,text,options,notes
#RULESET_NAME ThreatIncursion,,,,,,
threatinc_bombardSaturationSel,DialogOptionSelected,"$option == mktBombardSaturation score:1000
!ThreatincNexCMD yields",ThreatincMarketCMD bombardSaturation,,,"Override: a day of saturation on any world - every building suppressed, fuel poured into the razing bar (a level a size, the last ends the colony); the atrocity list is owner-only on Threat colonies (docs/suppression-balance.md v2)"
threatinc_bombardConfirmSel,DialogOptionSelected,"$option == mktBombardConfirm score:1000
!ThreatincNexCMD yields",ThreatincMarketCMD bombardConfirm,,,"Override: one day of bombardment - the siege slice or the saturation slice, the ships the guns took named, unrest raised not stacked, the once-a-day lock; third parties stripped from the hostile list under the atrocity waiver"
threatinc_bombardTacticalSel,DialogOptionSelected,"$option == mktBombardTactical score:1000
!ThreatincNexCMD yields",ThreatincMarketCMD bombardTactical,,,"Override: a day of tactical bombardment on any world - each fortification's condition now and after, the ships the return fire takes, the fuel (docs/suppression-balance.md v2)"
threatinc_bombardMenuSel,DialogOptionSelected,"$option == mktBombard score:1000
!ThreatincNexCMD yields",ThreatincMarketCMD bombardMenu,,,"Override: the bombardment menu on any world - fuel a day for each kind, and the once-a-day lock both share"
threatinc_marketPostOpen,MarketPostOpen,"$hasMarket
$faction.id == threat score:1000","$tradeMode = NONE 0
FireBest MarketPostDock","Your $shipOrFleet goes into orbit around $marketName. There is no port authority. No docking clearance is granted or refused - no channel opens at all. Across the world below, the fabrication strata pulse on without pause. To the hive, your fleet is not a visitor; it is material that has not yet been processed.",,"Override: hive worlds conduct no civilian business - trade mode forced to NONE (kills trade, bar, and the smuggler docking flow; MarketPostOpen fires best-scoring rule). Military options remain."
threatinc_marketCommDirSel,DialogOptionSelected,"$option == marketCommDir
$faction.id == threat score:1000",,"You sweep the local comm bands. There is no directory - only a wall of machine signal: interleaved fabrication telemetry, targeting handshakes, and a carrier tone your comm officer refuses to leave audible. Nothing down there wants to talk to you.",,"Override: no comm directory on hive worlds (DialogOptionSelected fires best-scoring rule only)"
threatinc_showDefensesSel,DialogOptionSelected,"$option == marketConsiderHostile score:1000
!ThreatincNexCMD yields",ThreatincMarketCMD showDefenses,,,"Override: military options menu via our subclass, which appends the Ground operations option on Threat colonies (docs/ground-war.md); non-Threat targets see vanilla behavior"
threatinc_engageSel,DialogOptionSelected,"$option == mktEngage score:1000
!ThreatincNexCMD yields",ThreatincMarketCMD engage,,,"Override: engage guard - vanilla re-scans for the defender fleet on the click and crashes the game when the scan comes back empty (this.battle is null); ours says there is nothing to engage and re-enters showDefenses"
threatinc_raidGoBackSel,DialogOptionSelected,"$option == mktRaidGoBack score:1000
!ThreatincNexCMD yields",ThreatincMarketCMD goBackToDefenses,,,"Override: back-navigation re-enters our showDefenses so the Ground operations option survives going back from the raid menu"
threatinc_bombardGoBackSel,DialogOptionSelected,"$option == mktBombardGoBack score:1000
!ThreatincNexCMD yields",ThreatincMarketCMD goBackToDefenses,,,"Override: back-navigation re-enters our showDefenses so the Ground operations option survives going back from the bombardment menu"
threatinc_nexBlockInvade,NexPostShowDefenses,ThreatincNexCMD besieged,ThreatincNexCMD blockInvade,,,"Nexerelin (docs/nexerelin.md): greys Nexerelin's Invade on a colony the swarm is besieging; NexPostShowDefenses is the last step of Nexerelin's menu build, so the state lands after the shape"
threatinc_groundOpsSel,DialogOptionSelected,$option == threatincGroundOps,ThreatincMarketCMD groundOps,,,"Ground operations menu: front status / landing brief (docs/ground-war.md)"
threatinc_groundDeploySel,DialogOptionSelected,$option == threatincGroundDeploy,ThreatincMarketCMD groundDeploy,,,"Commits all marines and heavy armaments aboard to a new ground front"
threatinc_groundResupplySel,DialogOptionSelected,$option == threatincGroundResupply,ThreatincMarketCMD groundResupply,,,"Transfers all marines and heavy armaments aboard to the deployed front"
threatinc_groundWithdrawSel,DialogOptionSelected,$option == threatincGroundWithdraw,ThreatincMarketCMD groundWithdraw,,,"Withdraws the front; survivors and materiel return to the fleet"
threatinc_groundPushSel,DialogOptionSelected,$option == threatincGroundPush,ThreatincMarketCMD groundPush,,,"Orders the front to assault the next stratum"
threatinc_groundEntrenchSel,DialogOptionSelected,$option == threatincGroundEntrench,ThreatincMarketCMD groundEntrench,,,"Orders the front to break off / stand fast and entrench"
threatinc_groundBackSel,DialogOptionSelected,$option == threatincGroundBack,ThreatincMarketCMD goBackToDefenses,,,"Back from ground operations to the military options menu"
threatincAidOption,PopulateOptions,"$menuState == main
$hasMarket
$market.threatinc_aidRequest",,,30:threatincAidDeliver:Deliver aid for the war effort,"Player aid (docs/player-aid.md): while a request for goods stands here, the station commander takes a hand-over from the player's cargo"
threatincAidOptionStation,PopulateOptions,"$isPerson
$postId == stationCommander
$market.threatinc_aidRequest",,,"30:threatincAidDeliver:""I've brought aid for the war effort.""","The same hand-over from the station commander's comm-directory conversation ($local is the person there, so the dock-menu rule cannot fire)"
threatincAidOptionBase,PopulateOptions,"$isPerson
$postId == baseCommander
$market.threatinc_aidRequest",,,"30:threatincAidDeliver:""I've brought aid for the war effort.""","As above for a colony whose military post is a base commander (no orbital station)"
threatincAidDeliverSel,DialogOptionSelected,$option == threatincAidDeliver,ThreatincAidCMD menu,,,"Lists what is asked for and what the player carries; one hand-over option per commodity"
threatincAidHandMarinesSel,DialogOptionSelected,$option == threatincAidHand_marines,ThreatincAidCMD deliver marines,,,
threatincAidHandArmsSel,DialogOptionSelected,$option == threatincAidHand_hand_weapons,ThreatincAidCMD deliver hand_weapons,,,
threatincAidHandFuelSel,DialogOptionSelected,$option == threatincAidHand_fuel,ThreatincAidCMD deliver fuel,,,
threatincAidHandSuppliesSel,DialogOptionSelected,$option == threatincAidHand_supplies,ThreatincAidCMD deliver supplies,,,
threatincAidBackSel,DialogOptionSelected,$option == threatincAidBack,ThreatincAidCMD back,,,"Back to the market's main menu"
threatincOutpostOption,PopulateOptions,"$market.isPlanetConditionMarketOnly
ThreatincOutpostCMD canBuild",,,5:threatincOutpostBuild:Build an outpost,"Outposts (docs/strategy-layer.md): in orbit of any uncolonised world with a player military colony in reach, the player can raise their faction's station over it for outpostCredits"
threatincOutpostStanding,PopulateOptions,"$market.isPlanetConditionMarketOnly
ThreatincOutpostCMD standing",,Your outpost holds the orbit here. The swarm cannot seed this world while the station stands. Dock at the station for its storage.,,"Reminder line when the player's own outpost is already in orbit"
threatincOutpostBuildSel,DialogOptionSelected,$option == threatincOutpostBuild,ThreatincOutpostCMD menu,,,"The brief: station type, price, supporting colony; Confirm disabled when unaffordable"
threatincOutpostConfirmSel,DialogOptionSelected,$option == threatincOutpostConfirm,ThreatincOutpostCMD build,,,"Pays and builds, then returns to the planet's options"
threatincOutpostBackSel,DialogOptionSelected,$option == threatincOutpostBack,ThreatincOutpostCMD back,,,"Back to the planet's options"
